GROUP,PACKAGE,CLASS,INSTRUCTION_MISSED,INSTRUCTION_COVERED,BRANCH_MISSED,BRANCH_COVERED,LINE_MISSED,LINE_COVERED,COMPLEXITY_MISSED,COMPLEXITY_COVERED,METHOD_MISSED,METHOD_COVERED
witsiemon,src.witsiemon,Main,29,0,0,0,8,0,2,0,2,0
witsiemon,src.witsiemon,Witsiemon,83,0,2,0,19,0,5,0,4,0
witsiemon,src.witsiemon,Settings,13,0,0,0,4,0,2,0,2,0
witsiemon,src.witsiemon.model,Actor,185,178,20,6,35,35,16,7,3,7
witsiemon,src.witsiemon.model,Pokemon,85,0,6,0,25,0,13,0,10,0
witsiemon,src.witsiemon.model,TileMap,0,66,0,6,0,13,0,7,0,4
witsiemon,src.witsiemon.model,TERRAIN,0,24,0,0,0,3,0,1,0,1
witsiemon,src.witsiemon.model,Actor.ACTOR_STATE,0,24,0,0,0,3,0,1,0,1
witsiemon,src.witsiemon.model,DIRECTION,0,69,0,0,0,11,0,4,0,4
witsiemon,src.witsiemon.model,Camera,0,22,0,0,0,8,0,4,0,4
witsiemon,src.witsiemon.model,Tile,0,16,0,0,0,7,0,4,0,4
witsiemon,src.witsiemon.model,World,3,0,0,0,1,0,1,0,1,0
witsiemon,src.witsiemon.controller,PlayerController,70,51,17,13,23,19,13,6,1,3
witsiemon,src.witsiemon.util,AnimationSet,73,0,0,0,14,0,3,0,3,0
witsiemon,src.witsiemon.util,TexturePackerTool,8,0,0,0,3,0,2,0,2,0
witsiemon,src.witsiemon.screen,AbstractScreen,6,0,0,0,3,0,1,0,1,0
witsiemon,src.witsiemon.screen,GameScreen,310,0,10,0,56,0,14,0,9,0
witsiemon,src.witsiemon.screen,battleScreen.new InputAdapter() {...},232,0,12,0,45,0,8,0,2,0
witsiemon,src.witsiemon.screen,battleScreen,451,0,12,0,100,0,20,0,14,0
